{
  "lights": [
    {
      "object_name": "\u9633\u5149",
      "data_name": "\u65e5\u5149.001",
      "type": "SUN",
      "color": [
        1.0,
        1.0,
        1.0
      ],
      "energy": 2.0,
      "use_shadow": true,
      "location_world": [
        0.0,
        -9.556632041931152,
        15.832510948181152
      ],
      "rotation_euler_deg": [
        20.42329356180821,
        65.785697821219,
        -62.36614312268461
      ],
      "direction_world": [
        -0.08727342635393143,
        0.9190451502799988,
        -0.3843687176704407
      ],
      "premultiplied_rgb": [
        2.0,
        2.0,
        2.0
      ],
      "angle_rad": 0.01745329238474369,
      "angle_deg": 0.9999999922536332
    }
  ],
  "count": 1
}
